,data_size,time
0,10.0,11.912939071655273
1,30.0,11.872532606124878
2,100.0,13.210311651229858
3,300.0,19.04056715965271
4,1000.0,40.466782093048096
5,3000.0,83.90798568725586
