,data_size,time
0,10.0,11.126859664916992
1,30.0,10.264352798461914
2,100.0,12.541708946228027
3,300.0,17.866970539093018
4,1000.0,37.434734582901
5,3000.0,92.05666160583496
