,data_size,time
0,10.0,11.640303373336792
1,30.0,10.621309757232666
2,100.0,12.277639150619507
3,300.0,17.71887230873108
4,1000.0,36.8185019493103
5,3000.0,92.76189136505127
