,data_size,time
0,10.0,11.56999945640564
1,30.0,10.548956871032715
2,100.0,12.62955379486084
3,300.0,18.50110411643982
4,1000.0,36.038257360458374
5,3000.0,94.38405752182007
