,data_size,time
0,10.0,11.804315567016602
1,30.0,10.257646560668945
2,100.0,12.293893814086914
3,300.0,17.213383436203003
4,1000.0,35.962469816207886
5,3000.0,91.6253092288971
